INSERT INTO ROLE (ID,C_VERSION, ROLE_NAME) VALUES(1, 0, 'BASIC');
INSERT INTO ROLE (ID,C_VERSION, ROLE_NAME) VALUES(2, 0, 'ADMIN');

INSERT INTO NW_USER (ID, C_VERSION, USERNAME, PASSWORD, EMAIL, USER_STATUS) VALUES(1,0, 'test', 'test', 'busradeniz89@gmail.com', 'ACTIVE');

INSERT INTO USER_ROLES(USER_ID, ROLE_ID) VALUES(1, 1);

INSERT INTO VIOLATION_GROUP(ID, C_VERSION, NAME) VALUES(1, 0, 'Pavement Ramp');
INSERT INTO VIOLATION_PROPERTY(ID, C_VERSION, VIOLATION_GROUP_ID, PROPERTY, CONSTRAINT_TYPE, CONSTRAINT_VALUE, DESCRIPTION) VALUES(1, 0, 1, 'slope', 'MAX', '1/12', 'Slope');
INSERT INTO VIOLATION_PROPERTY(ID, C_VERSION, VIOLATION_GROUP_ID, PROPERTY, CONSTRAINT_TYPE, CONSTRAINT_VALUE, DESCRIPTION) VALUES(2, 0, 1, 'rampWith', 'MIN', '9', 'Ramp width');
INSERT INTO VIOLATION_PROPERTY(ID, C_VERSION, VIOLATION_GROUP_ID, PROPERTY, CONSTRAINT_TYPE, CONSTRAINT_VALUE, DESCRIPTION) VALUES(3, 0, 1, 'surfaceCoating', 'BOOL', 'false', 'Surface coating problem');

INSERT INTO VIOLATION_GROUP(ID, C_VERSION, NAME) VALUES(2, 0, 'Architectural Obstacles');
INSERT INTO VIOLATION_PROPERTY(ID, C_VERSION, VIOLATION_GROUP_ID, PROPERTY, CONSTRAINT_TYPE, CONSTRAINT_VALUE, DESCRIPTION) VALUES(4, 0, 2, 'levelDifferences', 'BOOL', 'false', 'Ground level differences');
INSERT INTO VIOLATION_PROPERTY(ID, C_VERSION, VIOLATION_GROUP_ID, PROPERTY, CONSTRAINT_TYPE, CONSTRAINT_VALUE, DESCRIPTION) VALUES(5, 0, 2, 'gridGap', 'MAX', '13', 'Grid gap');
INSERT INTO VIOLATION_PROPERTY(ID, C_VERSION, VIOLATION_GROUP_ID, PROPERTY, CONSTRAINT_TYPE, CONSTRAINT_VALUE, DESCRIPTION) VALUES(6, 0, 2, 'gridGapOrientation', 'BOOL', 'false', 'Grid gap orientation problem');
INSERT INTO VIOLATION_PROPERTY(ID, C_VERSION, VIOLATION_GROUP_ID, PROPERTY, CONSTRAINT_TYPE, CONSTRAINT_VALUE, DESCRIPTION) VALUES(7, 0, 2, 'surfaceCoating', 'BOOL', 'false', 'Surface coating problem');
INSERT INTO VIOLATION_PROPERTY(ID, C_VERSION, VIOLATION_GROUP_ID, PROPERTY, CONSTRAINT_TYPE, CONSTRAINT_VALUE, DESCRIPTION) VALUES(7, 0, 2, 'raiseOnWall', 'BOOL', 'false', 'Raise on the wall');
INSERT INTO VIOLATION_PROPERTY(ID, C_VERSION, VIOLATION_GROUP_ID, PROPERTY, CONSTRAINT_TYPE, CONSTRAINT_VALUE, DESCRIPTION) VALUES(8, 0, 2, 'unmountedObject', 'BOOL', 'false', 'Unmounted-free standing object');
INSERT INTO VIOLATION_PROPERTY(ID, C_VERSION, VIOLATION_GROUP_ID, PROPERTY, CONSTRAINT_TYPE, CONSTRAINT_VALUE, DESCRIPTION) VALUES(9, 0, 2, 'obstacleOnPavement', 'BOOL', 'false', 'Obstacle on pavement');

INSERT INTO VIOLATION_GROUP(ID, C_VERSION, NAME) VALUES(3, 0, 'Parking Lot');
INSERT INTO VIOLATION_PROPERTY(ID, C_VERSION, VIOLATION_GROUP_ID, PROPERTY, CONSTRAINT_TYPE, CONSTRAINT_VALUE, DESCRIPTION) VALUES(10, 0, 3, 'distanceToEntrance', 'MAX', '50', 'Distance to entrance ');
INSERT INTO VIOLATION_PROPERTY(ID, C_VERSION, VIOLATION_GROUP_ID, PROPERTY, CONSTRAINT_TYPE, CONSTRAINT_VALUE, DESCRIPTION) VALUES(11, 0, 3, 'distanceBetween', 'MIN', '1.2', 'Distance between lots');
INSERT INTO VIOLATION_PROPERTY(ID, C_VERSION, VIOLATION_GROUP_ID, PROPERTY, CONSTRAINT_TYPE, CONSTRAINT_VALUE, DESCRIPTION) VALUES(12, 0, 3, 'securityZoneToBack', 'MIN', '1.2', 'Security zone at the back');
INSERT INTO VIOLATION_PROPERTY(ID, C_VERSION, VIOLATION_GROUP_ID, PROPERTY, CONSTRAINT_TYPE, CONSTRAINT_VALUE, DESCRIPTION) VALUES(13, 0, 3, 'capacityProblem', 'BOOL', 'false', 'Capacity problem');

INSERT INTO VIOLATION_GROUP(ID, C_VERSION, NAME) VALUES(4, 0, 'Bus Stops');
INSERT INTO VIOLATION_PROPERTY(ID, C_VERSION, VIOLATION_GROUP_ID, PROPERTY, CONSTRAINT_TYPE, CONSTRAINT_VALUE, DESCRIPTION) VALUES(14, 0, 4, 'roadToBackOfBusStop', 'MIN', '3', 'Bus stop - RoadtoBackOfBusStop');
INSERT INTO VIOLATION_PROPERTY(ID, C_VERSION, VIOLATION_GROUP_ID, PROPERTY, CONSTRAINT_TYPE, CONSTRAINT_VALUE, DESCRIPTION) VALUES(15, 0, 4, 'backOfBusStopToWall', 'MIN', '3', 'Bus stop - BackOfBusStopToWall');
INSERT INTO VIOLATION_PROPERTY(ID, C_VERSION, VIOLATION_GROUP_ID, PROPERTY, CONSTRAINT_TYPE, CONSTRAINT_VALUE, DESCRIPTION) VALUES(16, 0, 4, 'wrongSign', 'BOOL', 'false', 'Bus stop – wrong sign placement');
INSERT INTO VIOLATION_PROPERTY(ID, C_VERSION, VIOLATION_GROUP_ID, PROPERTY, CONSTRAINT_TYPE, CONSTRAINT_VALUE, DESCRIPTION) VALUES(17, 0, 4, 'capacityProblem', 'BOOL', 'false', 'Capacity problem');
INSERT INTO VIOLATION_PROPERTY(ID, C_VERSION, VIOLATION_GROUP_ID, PROPERTY, CONSTRAINT_TYPE, CONSTRAINT_VALUE, DESCRIPTION) VALUES(18, 0, 4, 'leftPanelToSignDistance', 'EXACT', '2', 'Bus stop – leftPanelToSignDistance');
INSERT INTO VIOLATION_PROPERTY(ID, C_VERSION, VIOLATION_GROUP_ID, PROPERTY, CONSTRAINT_TYPE, CONSTRAINT_VALUE, DESCRIPTION) VALUES(19, 0, 4, 'noHalfPanelOntheRight', 'BOOL', 'false', 'Bus stop – NoHalfPanelOntheRight');
INSERT INTO VIOLATION_PROPERTY(ID, C_VERSION, VIOLATION_GROUP_ID, PROPERTY, CONSTRAINT_TYPE, CONSTRAINT_VALUE, DESCRIPTION) VALUES(20, 0, 4, 'noRamp', 'BOOL', 'false', 'No ramp ');
INSERT INTO VIOLATION_PROPERTY(ID, C_VERSION, VIOLATION_GROUP_ID, PROPERTY, CONSTRAINT_TYPE, CONSTRAINT_VALUE, DESCRIPTION) VALUES(21, 0, 4, 'rampWidth', 'MIN', '2', 'Bus stop – ramp width');
INSERT INTO VIOLATION_PROPERTY(ID, C_VERSION, VIOLATION_GROUP_ID, PROPERTY, CONSTRAINT_TYPE, CONSTRAINT_VALUE, DESCRIPTION) VALUES(22, 0, 4, 'distanceFromStopToRamp', 'MIN', '7', 'Distance from start of the bus stop to ramp');

INSERT INTO VIOLATION_GROUP(ID, C_VERSION, NAME) VALUES(5, 0, 'Street furniture');
INSERT INTO VIOLATION_PROPERTY(ID, C_VERSION, VIOLATION_GROUP_ID, PROPERTY, CONSTRAINT_TYPE, CONSTRAINT_VALUE, DESCRIPTION) VALUES(23, 0, 5, 'groundClearanceForSigns', 'MIN', '2.1', 'Asılan tabelalar zeminden yükseklik');
INSERT INTO VIOLATION_PROPERTY(ID, C_VERSION, VIOLATION_GROUP_ID, PROPERTY, CONSTRAINT_TYPE, CONSTRAINT_VALUE, DESCRIPTION) VALUES(24, 0, 5, 'groundClearanceForEaves', 'MIN', '2.3', 'Saçaklar zeminden yükseklik');
INSERT INTO VIOLATION_PROPERTY(ID, C_VERSION, VIOLATION_GROUP_ID, PROPERTY, CONSTRAINT_TYPE, CONSTRAINT_VALUE, DESCRIPTION) VALUES(25, 0, 5, 'groundClearanceForParterre', 'MIN', '1', 'Çiçeklik yüksekliği');
INSERT INTO VIOLATION_PROPERTY(ID, C_VERSION, VIOLATION_GROUP_ID, PROPERTY, CONSTRAINT_TYPE, CONSTRAINT_VALUE, DESCRIPTION) VALUES(26, 0, 5, 'heightOfCycleParkArea', 'MIN', '1', 'Bisiklet park yeri bariyerleri zeminden yükseklik ');
INSERT INTO VIOLATION_PROPERTY(ID, C_VERSION, VIOLATION_GROUP_ID, PROPERTY, CONSTRAINT_TYPE, CONSTRAINT_VALUE, DESCRIPTION) VALUES(27, 0, 5, 'widthOfBench', 'MIN', '40', 'Bank oturak boyu');
INSERT INTO VIOLATION_PROPERTY(ID, C_VERSION, VIOLATION_GROUP_ID, PROPERTY, CONSTRAINT_TYPE, CONSTRAINT_VALUE, DESCRIPTION) VALUES(28, 0, 5, 'heightOfLitters', 'MIN', '1.3', 'Çöp kutuları yükseklik');

INSERT INTO VIOLATION_GROUP(ID, C_VERSION, NAME) VALUES(6, 0, 'Access to buildings');
INSERT INTO VIOLATION_PROPERTY(ID, C_VERSION, VIOLATION_GROUP_ID, PROPERTY, CONSTRAINT_TYPE, CONSTRAINT_VALUE, DESCRIPTION) VALUES(29, 0, 6, 'heightOfRamp', 'MIN', '87', 'Rampa genişlik');
INSERT INTO VIOLATION_PROPERTY(ID, C_VERSION, VIOLATION_GROUP_ID, PROPERTY, CONSTRAINT_TYPE, CONSTRAINT_VALUE, DESCRIPTION) VALUES(30, 0, 6, 'widthOfRamp', 'MIN', '2', 'Rampa yükseklik');
INSERT INTO VIOLATION_PROPERTY(ID, C_VERSION, VIOLATION_GROUP_ID, PROPERTY, CONSTRAINT_TYPE, CONSTRAINT_VALUE, DESCRIPTION) VALUES(31, 0, 6, 'slopeOfRamp', 'MIN', '0.083', 'Rampa eğim');
INSERT INTO VIOLATION_PROPERTY(ID, C_VERSION, VIOLATION_GROUP_ID, PROPERTY, CONSTRAINT_TYPE, CONSTRAINT_VALUE, DESCRIPTION) VALUES(32, 0, 6, 'heightOfRampRailing', 'MIN', '90', 'Rampa korkuluk');
INSERT INTO VIOLATION_PROPERTY(ID, C_VERSION, VIOLATION_GROUP_ID, PROPERTY, CONSTRAINT_TYPE, CONSTRAINT_VALUE, DESCRIPTION) VALUES(33, 0, 6, 'heightOfStairsRailing', 'MIN', '90', 'Merdiven korkuluk boyu');
INSERT INTO VIOLATION_PROPERTY(ID, C_VERSION, VIOLATION_GROUP_ID, PROPERTY, CONSTRAINT_TYPE, CONSTRAINT_VALUE, DESCRIPTION) VALUES(34, 0, 6, 'heightOfLitters', 'BOOL', 'true', 'Merdiven başlangıç ve bitiş tırtıklı alan');

INSERT INTO VIOLATION_GROUP(ID, C_VERSION, NAME) VALUES(7, 0, 'Indoor factors');
INSERT INTO VIOLATION_PROPERTY(ID, C_VERSION, VIOLATION_GROUP_ID, PROPERTY, CONSTRAINT_TYPE, CONSTRAINT_VALUE, DESCRIPTION) VALUES(35, 0, 7, 'doors', 'BOOL', 'true', 'Doors');
INSERT INTO VIOLATION_PROPERTY(ID, C_VERSION, VIOLATION_GROUP_ID, PROPERTY, CONSTRAINT_TYPE, CONSTRAINT_VALUE, DESCRIPTION) VALUES(36, 0, 7, 'reception', 'BOOL', 'true', 'Reception');
INSERT INTO VIOLATION_PROPERTY(ID, C_VERSION, VIOLATION_GROUP_ID, PROPERTY, CONSTRAINT_TYPE, CONSTRAINT_VALUE, DESCRIPTION) VALUES(37, 0, 7, 'hallway', 'BOOL', 'true', 'Hallway');
INSERT INTO VIOLATION_PROPERTY(ID, C_VERSION, VIOLATION_GROUP_ID, PROPERTY, CONSTRAINT_TYPE, CONSTRAINT_VALUE, DESCRIPTION) VALUES(38, 0, 7, 'elevator', 'BOOL', 'true', 'Elevator');
INSERT INTO VIOLATION_PROPERTY(ID, C_VERSION, VIOLATION_GROUP_ID, PROPERTY, CONSTRAINT_TYPE, CONSTRAINT_VALUE, DESCRIPTION) VALUES(39, 0, 7, 'stairs', 'BOOL', 'true', 'Stairs');
INSERT INTO VIOLATION_PROPERTY(ID, C_VERSION, VIOLATION_GROUP_ID, PROPERTY, CONSTRAINT_TYPE, CONSTRAINT_VALUE, DESCRIPTION) VALUES(40, 0, 7, 'WC', 'BOOL', 'true', 'WC');


INSERT INTO VIOLATION_GROUP(ID, C_VERSION, NAME) VALUES(8, 0, 'Switches And Plugs');
INSERT INTO VIOLATION_PROPERTY(ID, C_VERSION, VIOLATION_GROUP_ID, PROPERTY, CONSTRAINT_TYPE, CONSTRAINT_VALUE, DESCRIPTION) VALUES(41, 0, 8, 'groundClearanceForPlugs', 'MIN', '40', 'Duvar prizi yükseklik');
INSERT INTO VIOLATION_PROPERTY(ID, C_VERSION, VIOLATION_GROUP_ID, PROPERTY, CONSTRAINT_TYPE, CONSTRAINT_VALUE, DESCRIPTION) VALUES(42, 0, 8, 'groundClearanceForSwitches', 'MIN', '75', 'Anahtar ve el ile ayarlama yapılan düğmeneler yükseklik');
INSERT INTO VIOLATION_PROPERTY(ID, C_VERSION, VIOLATION_GROUP_ID, PROPERTY, CONSTRAINT_TYPE, CONSTRAINT_VALUE, DESCRIPTION) VALUES(43, 0, 8, 'groundClearanceForButtons', 'MAX', '120', 'Basma butonları');
INSERT INTO VIOLATION_PROPERTY(ID, C_VERSION, VIOLATION_GROUP_ID, PROPERTY, CONSTRAINT_TYPE, CONSTRAINT_VALUE, DESCRIPTION) VALUES(44, 0, 8, 'groundClearanceForControlSwitches', 'MAX', '140', 'Kontrol düğmeleri ');




